code,name
AT2149405 Corp,DANBNK 7
EK2481985 Corp,DB 6
AR8103921 Corp,HSBC 6.25
AQ9022791 Corp,UBS 5
EK5892527 Corp,DB 7.5
AN6117401 Corp,HSBC 6
AR7387665 Corp,CABKSM 5.25
AQ4052637 Corp,UCGIM 5.375
EK2626407 Corp,DB 6.25
AR5470927 Corp,SANTAN 4.75
AR8209066 Corp,HSBC 6.5
EK8181159 Corp,HSBC 6.375
AM9264657 Corp,DANBNK 6.125
EK1429340 Corp,UCGIM 8
JV5948148 Corp,ISPIM 7
AP9361290 Corp,BBVASM 6.125
EK3458065 Corp,SOCGEN 6
AN5329338 Corp,ISPIM 6.25
UV8549403 Corp,ISPIM 7.7
QZ2259237 Corp,STANLN 7.5
AQ1214081 Corp,NDASS 3.5
AM2522820 Corp,CS 7.125
EK0315516 Corp,ACAFP 7.875
EK4786241 Corp,HSBC 6.375
EK8312200 Corp,STANLN 6.5
AP3065806 Corp,SANTAN 5.25
LW2088877 Corp,HSBC 6.875
EJ9191945 Corp,BACR 8.25
EK4609047 Corp,UCGIM 6.75
EK2507318 Corp,SANTAN 6.375
AN6130636 Corp,UCGIM 6.625
AP3241647 Corp,ABNANV 4.75
EK4903242 Corp,ACAFP 6.625
AM0179896 Corp,ISPIM 7.75
EK4786126 Corp,HSBC 5.625
EK3347144 Corp,BACR 6.625
EK0987322 Corp,SANTAN 6.25
